source_index,evid,sncl,label,label_name,snr,mag,dist
1431051,9796369,CI.CFL.EHZ,0,up,101.62696075439453,2.240234375,34.25
2256570,10628445,ZY.PNTO.EHZ,0,up,55.30375289916992,1.2802734375,5.75
1961668,14461304,CI.PLE.EHZ,1,down,119.56966400146484,2.5703125,34.5
1353044,15200921,CI.IKP.HHZ,1,down,72.05388641357422,3.390625,66.5
508578,9661101,CI.WRV.EHZ,1,down,73.42115020751953,1.2001953125,1.9296875
828117,14333380,AZ.LVA2.HHZ,0,up,79.85838317871094,1.830078125,47.90625
1268148,14492304,CI.PMD.HHZ,1,down,172.3538818359375,2.33984375,62.4375
2261354,14605356,CI.SNO.HHZ,1,down,101.14764404296875,2.44921875,25.125
1308133,11128018,NN.BEN.EHZ,0,up,179.2860870361328,2.099609375,22.90625
2299723,14242424,CI.JRC2.HHZ,1,down,87.89412689208984,1.7802734375,12.828125
2075314,10084113,CI.DPP.HHZ,0,up,143.4459991455078,2.240234375,64.375
516039,10274201,AZ.BZN.HHZ,1,down,137.41766357421875,3.51953125,101.875
1802497,9157185,CI.AGA.HHZ,1,down,60.48664474487305,1.7001953125,33.53125
1761874,10893381,CI.MSC.HHZ,1,down,294.02227783203125,2.91015625,44.9375
1176974,10667109,ZY.OCCM.EHZ,1,down,101.29198455810547,1.2802734375,7.8984375
372967,10922637,PB.B086.EHZ,1,down,105.97867584228516,1.2900390625,8.6875
17657,10784101,CI.DPP.HHZ,0,up,120.4527816772461,1.7998046875,38.53125
1834023,9878297,CI.WOF.EHZ,0,up,72.8235855102539,1.5703125,23.15625
1467716,11273874,CI.SKY.EHZ,0,up,55.18732833862305,2.689453125,69.5
969393,14131952,CI.TJR.EHZ,1,down,53.22439956665039,2.779296875,88.5625
1499427,14249236,CI.YUH.EHZ,1,down,113.20771789550781,1.83984375,14.3125
480786,14240248,CI.YUH.EHZ,0,up,86.68222045898438,1.1103515625,13.6796875
1314888,10053913,CI.BTL.EHZ,1,down,51.985504150390625,2.689453125,96.9375
206744,14565020,AZ.FRD.HHZ,1,down,93.508056640625,1.5595703125,9.390625
798735,11010645,PB.B084.EHZ,0,up,266.1470642089844,2.76953125,39.4375
720349,10994389,CI.SKY.EHZ,0,up,50.59782409667969,2.30078125,25.90625
372266,9969341,CI.SME.EHZ,1,down,97.54460144042969,2.76953125,39.3125
1778222,14463384,AZ.MONP2.HHZ,1,down,222.9374237060547,2.169921875,10.9921875
1651977,14283012,CI.SBB2.HHZ,0,up,186.648193359375,2.349609375,79.4375
2475498,10352713,CI.BOR.HHZ,1,down,188.89523315429688,1.5,15.7421875
968211,14734380,ZY.PNTO.EHZ,1,down,127.01094055175781,1.5498046875,10.2265625
2364120,10183125,CI.DNR.HHZ,0,up,289.40301513671875,1.7099609375,14.8828125
1438442,10222833,CI.VVD.EHZ,0,up,113.10366821289062,2.7109375,12.9296875
1986019,9693925,CI.WSH.EHZ,0,up,51.50383377075195,1.7802734375,58.78125
1063500,10456101,AZ.KNW.HHZ,0,up,932.4385375976562,2.9296875,35.71875
1949066,14097848,CI.WLH.EHZ,0,up,67.1412353515625,1.8896484375,38.46875
97088,14419796,AZ.CRY.HHZ,1,down,117.8375473022461,1.7900390625,47.125
989395,14297808,NC.MMI.EHZ,0,up,58.302772521972656,2.30078125,78.125
1500802,14359472,CI.PMD.HHZ,1,down,90.6868896484375,1.2802734375,26.4375
2305109,14354820,AZ.TRO.HHZ,1,down,73.85913848876953,1.919921875,9.1015625
1444534,9160819,CI.HYS.EHZ,0,up,51.81978225708008,2.25,21.09375
1930468,10169685,AZ.FRD.HHZ,0,up,61.12603759765625,0.830078125,3.740234375
1223555,10409337,CI.HYS.EHZ,1,down,77.40164184570312,1.9599609375,105.875
14345,10858837,CI.BOR.HHZ,1,down,167.32208251953125,1.330078125,14.9921875
449686,10787285,CI.BAR.HHZ,0,up,63.280338287353516,1.580078125,67.8125
744574,10313789,AZ.FRD.HHZ,0,up,73.49960327148438,1.3798828125,20.671875
403290,14549636,CI.PLM.HHZ,1,down,62.65591812133789,2.720703125,78.375
2332516,14078856,CI.POB.EHZ,1,down,160.34568786621094,2.650390625,44.40625
592038,9662837,AZ.PFO.HHZ,1,down,54.347938537597656,1.599609375,13.640625
44114,10399929,CI.MPM.HHZ,0,up,75.81147003173828,0.91015625,13.3828125
311318,10481757,CI.MSC.HHZ,0,up,144.9207763671875,1.2998046875,19.6875
1156670,15190689,CI.SME.EHZ,1,down,105.01495361328125,2.439453125,32.875
775378,10037109,CI.TPC.EHZ,1,down,136.4377899169922,2.509765625,52.46875
912948,10181469,CI.BAT.EHZ,0,up,77.70032501220703,3.099609375,69.25
1249553,10726829,CI.HYS.EHZ,0,up,75.94022369384766,2.720703125,100.1875
247914,14257040,AZ.FRD.HHZ,1,down,65.24036407470703,2.560546875,79.875
632138,15142161,CI.SNO.HHZ,1,down,169.08108520507812,2.490234375,51.5
7236,12471916,CI.SGL.EHZ,1,down,60.09566116333008,2.6796875,54.53125
1420683,12880184,CI.BAC.EHZ,0,up,55.29922103881836,1.8701171875,33.4375
556360,10823989,CI.SGL.EHZ,0,up,58.82743835449219,1.849609375,14.9375
356151,10184525,AZ.FRD.HHZ,1,down,84.1850357055664,1.580078125,31.03125
2053687,14288780,CI.GOR.HHZ,0,up,59.23933410644531,2.5703125,79.0
622271,14921980,BC.SPX.HHZ,1,down,275.8688659667969,3.119140625,30.703125
2393395,13950672,CI.MPM.HHZ,1,down,312.63226318359375,2.51953125,70.875
1405487,10378013,AZ.CRY.HHZ,1,down,55.487266540527344,1.75,14.6875
1269655,11359498,AZ.MONP2.HHZ,0,up,238.31968688964844,1.759765625,15.8984375
712658,14348384,CI.SNR.EHZ,1,down,79.19898986816406,3.94921875,48.625
1470698,11614316,AZ.CRY.HHZ,1,down,59.835205078125,1.849609375,37.65625
1934625,11387514,CI.HYS.EHZ,0,up,97.50262451171875,1.4697265625,20.984375
2412687,15186257,CI.PMD.HHZ,1,down,121.42334747314453,1.349609375,19.578125
1416483,10370533,AZ.PFO.HHZ,0,up,54.78940963745117,1.98046875,40.03125
494577,9997181,CI.BFS.HHZ,0,up,84.87543487548828,2.390625,31.921875
1333410,10791757,CI.BLA2.HHZ,1,down,116.80306243896484,1.8798828125,56.84375
1834389,10872373,CI.BOR.HHZ,0,up,77.48211669921875,1.5703125,32.78125
2119432,10059745,CI.BLK.EHZ,1,down,251.24951171875,4.19140625,88.625
1101298,10078833,CI.CRR.EHZ,0,up,59.166839599609375,2.80078125,44.0625
1407428,9157769,CI.RYS.EHZ,1,down,130.98683166503906,2.48046875,51.46875
965126,10490381,PB.B081.EHZ,1,down,108.4314956665039,1.7197265625,25.1875
1337801,9171679,CI.PTD.EHZ,1,down,56.7739372253418,4.421875,103.375
1024101,10738237,AZ.SND.HHZ,0,up,89.1937255859375,2.240234375,12.5625
709256,9147562,CI.RAG.EHZ,0,up,95.03553771972656,1.599609375,14.2890625
243880,9690373,CI.SND.EHZ,0,up,109.77254486083984,2.880859375,78.6875
652247,14258568,AZ.CRY.HHZ,0,up,68.40985107421875,1.0302734375,15.859375
1447229,10312613,CI.FRK.EHZ,0,up,121.18504333496094,2.26953125,41.625
1829495,9934205,CI.CGO.HHZ,0,up,134.3407440185547,1.669921875,16.234375
23293,10058577,AZ.CRY.HHZ,0,up,53.080528259277344,1.6396484375,27.34375
1433822,11335066,WR.PEC.EHZ,1,down,64.90082550048828,1.6201171875,14.7734375
573671,14734988,ZY.MLDN.EHZ,1,down,104.15525817871094,1.6201171875,9.9765625
1112883,14241864,AZ.SND.HHZ,1,down,51.409358978271484,1.509765625,39.15625
481848,10186533,AZ.WMC.HHZ,0,up,77.29373931884766,2.640625,62.53125
1296957,9802613,CI.WCH.EHZ,1,down,79.96249389648438,2.529296875,34.59375
1346889,10439873,AZ.FRD.HHZ,0,up,87.94083404541016,1.3701171875,28.0625
1002005,10014881,CI.JRC2.HHZ,0,up,100.64110565185547,0.9501953125,3.669921875
517909,10054037,CI.WGR.HHZ,0,up,426.87835693359375,3.330078125,15.7109375
656745,11407658,AZ.LVA2.HHZ,0,up,77.73284912109375,2.1796875,69.0
1356549,10262993,CI.WCH.EHZ,0,up,69.90389251708984,1.73046875,32.3125
826918,10933397,CI.CCC.HHZ,0,up,299.26123046875,2.73046875,64.9375
1836001,9961677,CI.CRR.EHZ,1,down,56.787723541259766,2.330078125,41.34375
1291299,7197258,CI.HDB.EHZ,1,down,144.6449432373047,2.740234375,31.453125
2383888,9169568,CI.JRC.HHZ,0,up,61.1973762512207,2.5390625,17.1875
2217154,11045477,AZ.LVA2.HHZ,0,up,107.71530151367188,1.4296875,19.296875
2460090,11069773,EN.ENG.EHZ,1,down,248.32228088378906,2.720703125,6.6484375
1099704,9617405,CI.JCS.HHZ,0,up,53.51633071899414,1.98046875,5.91015625
1874829,10166065,CI.MPI.HHZ,1,down,77.55567169189453,1.5703125,13.140625
1646687,12287432,CI.BOR.HHZ,1,down,154.66726684570312,2.41015625,26.515625
2303434,10761397,CI.CRR.EHZ,1,down,75.7222900390625,3.849609375,106.0
1176800,9948313,AZ.SND.HHZ,1,down,61.046016693115234,1.419921875,13.453125
1905635,9735109,CI.BAC.EHZ,0,up,81.60035705566406,2.0390625,75.0625
2071987,14282848,CI.RUS.HHZ,0,up,115.55065155029297,3.490234375,19.015625
1588938,14349160,ZY.SHF2.HHZ,1,down,53.32782745361328,2.73046875,68.9375
982020,10208209,CI.FRK.EHZ,0,up,58.7010498046875,1.5,40.71875
2282877,14151536,AZ.CRY.HHZ,0,up,79.54029846191406,2.05078125,14.6796875
2078428,11420242,CI.WMF.EHZ,1,down,100.16336059570312,1.58984375,1.740234375
1464005,10636933,ZY.WAGN.EHZ,0,up,86.232177734375,1.66015625,6.23828125
982710,10929413,PB.B918.EHZ,1,down,87.43955993652344,1.0595703125,13.6875
2235181,9827101,CI.BAC.EHZ,0,up,57.56644821166992,2.19921875,50.125
1315102,14734516,ZY.MLDN.EHZ,1,down,51.056766510009766,1.4599609375,10.7109375
595015,10366073,CI.SIL.EHZ,0,up,430.34039306640625,2.7890625,4.69140625
1556496,11129994,CI.RUN.EHZ,1,down,58.07988739013672,4.078125,91.4375
411097,10536509,CI.WOF.EHZ,0,up,56.45613098144531,2.390625,109.375
1874982,15139105,AZ.PFO.HHZ,1,down,84.25828552246094,2.55078125,63.65625
587889,10149373,CI.RMR.EHZ,0,up,176.0511932373047,1.5400390625,14.96875
2177644,14095628,CI.BTP.HHZ,1,down,369.53192138671875,5.03125,78.75
1490282,11420922,PB.B086.EHZ,0,up,62.79696273803711,1.4697265625,20.296875
2090309,9635641,CI.RMM.EHZ,1,down,200.30833435058594,2.439453125,29.9375
614920,14255736,CI.BAC.EHZ,0,up,89.30834197998047,2.26953125,57.90625
2173892,9988097,CI.YUH.EHZ,0,up,78.44410705566406,1.3203125,13.390625
2352858,10836477,CI.TOR.HHZ,1,down,92.7076644897461,2.26953125,21.578125
1813720,14697388,CI.CLC.HHZ,1,down,67.48116302490234,1.990234375,72.625
34623,9673573,CI.WRV.EHZ,1,down,72.724853515625,1.099609375,2.48046875
2250998,14288920,PB.B081.EHZ,0,up,80.4930648803711,1.3701171875,4.30078125
324605,9164336,CI.HDB.EHZ,0,up,83.59126281738281,2.900390625,60.5
212554,10147221,CI.YUH.EHZ,1,down,175.32034301757812,3.0390625,42.25
162851,10740157,AZ.LVA2.HHZ,1,down,255.3669891357422,1.5498046875,12.15625
902259,9723789,CI.PLM.HHZ,1,down,51.106048583984375,1.919921875,64.5
2211418,9644277,CI.CHF.HHZ,1,down,56.6161994934082,1.8603515625,41.53125
1029822,14469872,CI.CGO.HHZ,1,down,212.14122009277344,1.3203125,17.71875
803478,14992884,EN.ENG.EHZ,1,down,66.81158447265625,1.990234375,9.03125
1321950,10743301,CI.YUH.EHZ,0,up,84.1715316772461,1.4599609375,7.55859375
1595250,10745413,CI.SPG2.HHZ,1,down,434.31927490234375,3.08984375,83.0
1141083,10615957,ZY.SHCM.EHZ,0,up,63.91175842285156,1.9599609375,6.8203125
903459,9666629,CI.BMT.EHZ,1,down,67.05754852294922,2.33984375,50.6875
2261989,10960805,AZ.LVA2.HHZ,0,up,56.050804138183594,0.85986328125,14.0078125
1717957,13942260,CI.WNM.EHZ,0,up,63.15402603149414,2.390625,48.25
540127,11084594,CI.COA.EHZ,1,down,62.43989562988281,3.630859375,58.28125
1914470,10285677,CI.SUN.EHZ,1,down,260.1373291015625,2.80078125,18.59375
1216781,9855489,CI.PLM.HHZ,1,down,86.11296081542969,1.669921875,22.28125
88126,13985924,CI.HYS.EHZ,0,up,134.3148956298828,2.619140625,45.96875
566232,13936812,CI.LUG.HHZ,0,up,256.81890869140625,4.5,47.8125
1397896,15198377,AZ.CRY.HHZ,1,down,151.29425048828125,2.029296875,41.625
153749,9936085,CI.HYS.EHZ,0,up,123.52582550048828,1.830078125,21.359375
2493186,9666653,CI.BTL.EHZ,0,up,454.2202453613281,2.5390625,42.40625
2156133,11386970,PB.B082.EHZ,1,down,475.2362060546875,2.509765625,46.9375
2353125,10207501,CI.HOL.EHZ,0,up,143.32186889648438,0.93017578125,4.44921875
1465339,14874284,CI.RXH.HHZ,1,down,61.52345275878906,2.240234375,2.900390625
2306881,9645665,CI.SND.EHZ,1,down,81.8061294555664,1.98046875,7.62109375
2446861,14200980,CI.SS2.EHZ,0,up,92.91564178466797,1.7998046875,11.6875
2426192,14248132,CI.SS2.EHZ,1,down,124.10692596435547,1.4296875,5.2890625
1932276,13998708,CI.CGO.HHZ,0,up,92.70355224609375,2.259765625,65.25
1978170,13930500,CI.JCS.HHZ,0,up,50.47459411621094,1.2197265625,3.51953125
2453070,14080056,CI.SPF.HHZ,1,down,87.13066101074219,2.369140625,23.125
2054305,9666805,CI.WWP.EHZ,0,up,66.52296447753906,2.669921875,42.4375
340981,10795701,NC.MDPB.HHZ,1,down,136.8343963623047,3.0,61.9375
2338086,14078008,CI.CLC.HHZ,0,up,94.66422271728516,1.91015625,75.625
798774,14283320,CI.CLC.HHZ,0,up,256.5024719238281,2.75,84.25
282586,10226833,CI.WBS.HHZ,0,up,54.236019134521484,1.8896484375,30.734375
709801,10313373,CI.RMR.EHZ,0,up,212.723388671875,2.94921875,66.1875
2471878,10911101,CI.CBK.EHZ,0,up,105.64791107177734,1.259765625,0.7099609375
1334164,15162769,PB.B916.EHZ,1,down,202.8733673095703,1.3798828125,7.41015625
2215679,10728165,PB.B921.EHZ,0,up,181.91087341308594,2.69921875,82.0
154720,10739629,PB.B084.EHZ,1,down,56.2264404296875,1.2802734375,19.484375
360021,14375776,CI.YUH.EHZ,1,down,212.29598999023438,4.3515625,99.25
148429,9677581,CI.JRC.HHZ,0,up,53.17947006225586,1.419921875,5.828125
364064,9940565,CI.TEH.HHZ,0,up,431.9919128417969,3.23046875,101.8125
941093,15076964,ZY.COON.EHZ,1,down,56.958740234375,1.1796875,7.859375
86698,10987901,AZ.CRY.HHZ,0,up,58.76961898803711,1.5595703125,26.75
839108,10066389,CI.PEM.EHZ,0,up,209.25413513183594,3.7109375,81.6875
1349481,11274914,CI.JRC2.HHZ,0,up,602.993408203125,1.9599609375,13.5
1801647,14254184,CI.WOF.EHZ,1,down,225.5810546875,1.8603515625,23.328125
967113,9710421,AZ.MONP.HHZ,1,down,89.65201568603516,1.7998046875,12.75
2422123,11422338,CI.MSC.HHZ,0,up,99.16580963134766,1.8896484375,43.5625
547436,10168489,AZ.LVA2.HHZ,0,up,63.040870666503906,3.08984375,99.3125
2210542,14283108,CI.WRV.EHZ,0,up,116.41702270507812,0.830078125,8.0234375
1069160,9919745,CI.BOR.HHZ,1,down,81.52495574951172,1.9697265625,13.9765625
481881,10295397,AZ.FRD.HHZ,1,down,327.96343994140625,1.7802734375,16.125
54943,15076540,PB.B082.EHZ,1,down,58.32594680786133,1.169921875,8.6328125
153776,10009177,AZ.FRD.HHZ,0,up,91.59590911865234,0.81982421875,26.984375
1221656,14181056,AZ.BZN.HHZ,1,down,283.18402099609375,3.859375,109.3125
1561709,11748055,CI.WRV.EHZ,0,up,58.81113815307617,0.8701171875,2.55078125
191903,10619389,ZY.OYSB.EHZ,1,down,625.51220703125,1.66015625,5.640625
491634,14252984,AZ.YAQ.HHZ,0,up,412.2319641113281,2.130859375,23.984375
1076464,10987405,AZ.KNW.HHZ,1,down,222.94325256347656,1.9697265625,36.125
857664,9940517,CI.MCT.HHZ,0,up,162.37904357910156,1.4501953125,11.2890625
2064583,10487437,PB.B086.EHZ,1,down,109.71012115478516,1.6796875,11.9765625
1928447,10321869,CI.DNR.HHZ,0,up,64.74021911621094,1.5498046875,10.578125
1824010,10607517,ZY.MLDN.EHZ,0,up,217.23558044433594,2.029296875,3.6796875
959895,13938260,CI.HMT.EHZ,1,down,79.43809509277344,2.189453125,68.6875
963441,9162540,CI.WHF.EHZ,0,up,66.40628051757812,1.58984375,33.15625
997097,9163716,CI.EW2.EHZ,1,down,135.12689208984375,2.810546875,62.53125
1948046,9165420,CI.LEO.EHZ,1,down,196.34217834472656,3.109375,97.375
